customer_id,avg_transaction_value,num_transactions,category
89,9670.622,5,Automotive
1970,4503.7,1,Automotive
588,4213.780263075657,1,Food & Beverage
1694,3825.4085714285716,7,Automotive
1982,3564.6,1,Office
1748,3124.8,1,Beauty
576,2277.4,1,Beauty
448,2244.0,1,Beauty
1951,2108.2,1,Clothing
1956,2066.2,1,Home & Garden
1841,1932.1733333333334,3,Electronics
1607,1916.6999999999998,1,Books
492,1911.6999999999998,1,Clothing
525,1818.96,2,Toys
1117,1813.55,1,Office
1076,1737.45,1,Beauty
1365,1703.7,3,Office
187,1640.7061555003058,2,Food & Beverage
76,1609.3000000000002,1,Books
235,1487.805,2,Home & Garden
72,1452.3725,4,Toys
276,1449.8049999999998,2,Toys
1132,1445.7799999999997,2,Electronics
292,1437.9899999999998,2,Home & Garden
1447,1415.8559653879613,3,Clothing
236,1382.8374999999999,3,Clothing
1894,1370.6959080193556,3,Automotive
1507,1352.6599999999999,3,Automotive
1838,1331.8674086483659,4,Sports
721,1271.28,4,Automotive
247,1267.75,1,Sports
1998,1265.05,1,Office
1688,1253.3700000000001,1,Toys
733,1237.1,1,Sports
438,1215.2790752247388,6,Office
1392,1206.975,2,Books
463,1204.1100000000001,1,Automotive
1538,1158.21,1,Toys
45,1146.7099999999998,2,Clothing
145,1127.9978939768607,4,Toys
306,1125.4725,4,Books
1979,1124.2,2,Electronics
369,1119.505,2,Electronics
218,1106.53,2,Electronics
1947,1083.3939999999998,5,Home & Garden
803,1083.068,5,Electronics
1973,1082.8075,4,Toys
579,1061.3633333333335,3,Electronics
447,1053.9333333333332,3,Food & Beverage
1941,1036.7374099336012,6,Sports
1491,1027.6066666666668,3,Beauty
1236,1025.445,2,Office
1722,1015.4100000000001,1,Food & Beverage
234,1014.935,4,Automotive
775,1010.4161431413717,1,Toys
1027,1003.308186249454,5,Food & Beverage
1583,995.4749999999999,2,Automotive
1309,984.9314285714287,7,Office
1592,983.1012499999999,8,Sports
1068,972.43875,8,Books
416,967.14,5,Clothing
758,960.7516666666667,6,Automotive
1474,942.82,3,Electronics
1301,936.4483333333333,6,Electronics
120,936.3066897240504,2,Office
484,926.2175,4,Clothing
895,914.0450000000001,2,Office
1061,912.4133794496742,8,Electronics
1564,908.632,5,Clothing
1778,903.1150000000001,2,Electronics
1367,888.91,6,Books
58,885.2525,4,Automotive
267,885.1899999999999,5,Toys
1771,879.3266666666667,3,Office
1354,875.595,2,Books
1058,874.2099999999999,2,Toys
1079,870.73,3,Sports
1847,868.1516666666666,6,Books
1886,864.6100000000001,2,Food & Beverage
738,862.8040000000001,5,Beauty
1904,857.2933333333334,5,Toys
174,850.29,1,Sports
943,848.3828571428572,7,Electronics
350,844.9449999999999,2,Toys
1955,843.8399999999999,1,Automotive
994,843.065,6,Toys
1944,841.52,2,Food & Beverage
1422,839.7479999999999,5,Home & Garden
1574,839.4133333333334,3,Food & Beverage
1458,838.4110063494157,6,Books
671,837.606474020301,5,Beauty
736,834.35,1,Books
141,834.24,2,Automotive
952,829.8814285714286,7,Toys
1454,828.1600000000001,2,Books
562,825.0319999999999,5,Automotive
906,820.2450000000001,2,Toys
1203,819.902,5,Home & Garden
998,819.0424999999999,4,Toys
1653,818.125,8,Books
113,812.7850000000001,4,Beauty
1559,812.185,4,Books
1921,811.1575,4,Home & Garden
1369,809.4499999999999,3,Clothing
912,804.1937514678699,8,Home & Garden
1057,803.98375,8,Automotive
1400,802.3233333333334,3,Books
1552,800.1586398852305,6,Books
580,797.3884863176442,6,Electronics
479,792.5550000000001,4,Home & Garden
1939,788.4025000000001,4,Books
1310,786.4104558616237,6,Books
1406,785.3144582135972,8,Electronics
1380,784.5600000000001,7,Toys
62,780.462,5,Beauty
1475,779.1,8,Home & Garden
854,778.3149999999999,4,Toys
1851,775.2149999999999,4,Electronics
491,775.12,1,Toys
9,770.0450000000001,4,Home & Garden
1242,766.9925000000001,4,Food & Beverage
932,765.9483333333334,6,Beauty
872,764.5116666666667,6,Food & Beverage
1317,763.7283333333334,6,Automotive
1823,756.1500000000001,1,Toys
380,754.1225000000001,4,Toys
551,752.6925000000001,8,Electronics
921,746.61,2,Clothing
841,746.25,1,Sports
1331,741.42,1,Home & Garden
1213,740.11875,8,Books
1395,739.40125,8,Office
1943,738.542,5,Toys
1277,733.48,1,Toys
1817,732.3000000000001,1,Food & Beverage
1650,731.52,1,Sports
762,731.4028571428571,7,Electronics
1460,731.288,5,Food & Beverage
1040,731.0,1,Books
355,730.2885714285715,7,Toys
719,727.0899999999999,4,Automotive
1180,724.9732253092259,5,Automotive
1378,722.6133333333333,6,Automotive
509,722.0611522389443,5,Automotive
1434,720.6512500000001,8,Books
837,720.4314285714287,7,Food & Beverage
1992,719.6485714285715,7,Automotive
165,718.84,1,Food & Beverage
663,718.6909360735989,8,Books
360,717.45,2,Sports
1439,717.0006137397619,4,Sports
1520,715.3566666666666,3,Home & Garden
990,710.685,2,Sports
1619,709.6949999999999,8,Beauty
951,707.9148560296879,3,Beauty
1866,707.615,2,Beauty
1615,705.58,5,Toys
1860,704.6300000000001,6,Beauty
552,702.0649999999999,2,Food & Beverage
1934,700.4317128321117,6,Food & Beverage
988,698.305,2,Clothing
1477,697.3185714285713,7,Home & Garden
319,697.274,5,Automotive
1897,696.4924327193701,5,Books
1169,695.7578560629959,4,Books
1570,694.14,1,Beauty
665,692.7,2,Automotive
1732,686.7685714285715,7,Home & Garden
279,684.7400000000001,2,Clothing
1073,683.352,5,Toys
431,677.91,1,Sports
1605,675.1600000000001,5,Food & Beverage
241,673.8333333333333,3,Food & Beverage
1455,669.3499999999999,8,Sports
1757,669.2433333333333,6,Toys
1109,667.5514285714287,7,Electronics
1044,666.7393226952936,8,Home & Garden
1181,665.1757142857142,7,Home & Garden
1172,664.7847153558167,8,Home & Garden
1490,663.342857142857,7,Home & Garden
294,661.1125,4,Clothing
1433,660.1112499999999,8,Books
806,659.52,4,Books
1871,658.975,6,Home & Garden
890,658.8975,8,Books
1450,657.984,5,Toys
752,657.326,5,Beauty
1065,656.96,3,Clothing
1105,656.2362774701794,7,Sports
352,655.3587500000001,8,Books
1485,652.7757142857143,7,Automotive
303,652.7125,4,Books
1646,652.1366666666667,3,Books
564,651.99,2,Toys
1162,651.0028571428571,7,Books
231,649.455,2,Home & Garden
1347,649.308,5,Toys
263,647.7085864932591,8,Automotive
1853,647.6366666666667,6,Books
1446,646.99,2,Toys
1215,645.16875,8,Clothing
512,644.8040000000001,5,Beauty
111,643.4871428571429,7,Beauty
805,642.44,1,Sports
496,641.6497020046386,6,Books
779,641.0757142857143,7,Home & Garden
1849,640.8333333333334,6,Beauty
237,639.574,5,Clothing
980,639.44,2,Office
309,638.3042857142857,7,Automotive
1416,636.7475,4,Books
326,636.135,8,Beauty
214,636.0163414772582,8,Home & Garden
1626,633.3833333333333,3,Office
1938,632.8633333333333,3,Automotive
595,631.6659999999999,5,Electronics
199,631.5066666666667,3,Automotive
215,629.8499999999999,2,Electronics
687,628.32,3,Food & Beverage
191,626.744,5,Home & Garden
17,625.94,6,Clothing
640,625.6460000000001,5,Toys
99,625.3643621702116,30,Electronics
470,621.2900000000001,4,Home & Garden
1930,621.21,6,Toys
832,620.75,7,Office
1802,620.74,2,Toys
1946,617.8233333333334,3,Food & Beverage
1539,617.2225000000001,4,Clothing
1776,616.5066666666667,3,Beauty
1050,614.155,2,Books
445,611.45,2,Beauty
119,611.3000000000001,6,Beauty
288,610.7075,4,Home & Garden
67,609.8857629799577,8,Home & Garden
107,608.8158161419078,5,Electronics
794,608.71625,8,Electronics
1629,607.6485714285715,7,Books
401,604.5766666666667,3,Food & Beverage
644,604.3175,4,Automotive
424,602.6380000000001,5,Clothing
1501,602.6371428571429,7,Home & Garden
1332,602.6325,4,Home & Garden
547,601.0275,8,Toys
716,600.4925000000001,4,Home & Garden
474,600.415168848169,7,Toys
577,597.70875,8,Automotive
1135,596.6659999999999,5,Toys
1322,596.08,3,Books
1514,595.4389118217011,8,Books
365,594.2628571428571,7,Automotive
1404,592.9124999999999,8,Electronics
1829,591.8728571428571,7,Books
612,589.4566666666666,3,Toys
31,588.9960606060606,33,Food & Beverage
345,587.798,10,Home & Garden
649,587.4666461981083,8,Food & Beverage
190,587.2857142857143,6,Beauty
1264,587.17,6,Electronics
818,587.1524999999999,4,Toys
1234,586.78,2,Sports
1855,586.2650000000001,4,Home & Garden
865,585.0550000000001,4,Toys
1185,584.082,5,Home & Garden
1720,584.0733333333333,6,Toys
624,583.3490863818837,6,Books
347,582.7271930726355,4,Automotive
596,582.71875,8,Books
1632,582.6357142857142,7,Automotive
1859,582.2271428571429,7,Automotive
282,581.972,5,Books
1637,580.6466666666666,3,Beauty
434,579.8666666666667,3,Books
1298,579.31875,8,Electronics
991,578.5300000000001,6,Home & Garden
399,577.4475,44,Toys
313,577.2793152640812,8,Toys
1792,576.845,4,Office
1466,575.8770984649228,8,Home & Garden
1197,574.5866666666667,5,Office
378,573.1775,4,Sports
1726,572.5633333333334,6,Electronics
1042,571.2646000229084,6,Sports
1024,570.575,2,Beauty
1122,570.24,5,Food & Beverage
126,569.1,8,Food & Beverage
1184,567.8266666666667,3,Books
217,567.6324999999999,4,Food & Beverage
1342,567.2598119548063,6,Office
162,566.7962500000001,8,Books
629,566.3671428571429,7,Home & Garden
1080,566.0266666666666,3,Food & Beverage
1286,564.9425,4,Sports
1481,564.28,8,Home & Garden
50,564.1816666666667,6,Beauty
265,563.6700596206844,12,Books
1833,563.6033333333334,3,Books
477,562.6575,8,Electronics
970,561.0366666666666,3,Clothing
252,560.9142857142857,7,Toys
1071,559.92,3,Toys
189,559.4733333333334,6,Food & Beverage
614,559.29,1,Electronics
926,558.2671952906579,5,Automotive
153,557.3585714285715,7,Automotive
1030,556.5766666666666,3,Clothing
1066,556.1333333333333,3,Beauty
1173,555.852,5,Food & Beverage
1929,555.33,4,Home & Garden
1293,555.14,6,Electronics
898,554.8414285714287,7,Books
1208,554.1875,4,Clothing
223,553.5485714285713,7,Office
1861,552.265,4,Toys
900,551.7214285714285,7,Beauty
469,551.2950000000001,4,Electronics
1517,549.5733333333334,3,Office
327,549.5032257006677,14,Food & Beverage
1868,548.6733333333333,6,Toys
4,547.95375,8,Books
385,546.8133333333334,3,Books
1302,545.98,4,Automotive
674,545.34,2,Office
406,545.2925,8,Automotive
256,545.143,20,Toys
86,544.7900000000001,3,Sports
664,543.9316666666667,6,Toys
1508,543.26,4,Beauty
1007,542.95625,8,Toys
1754,542.3871428571429,7,Home & Garden
790,541.10625,8,Beauty
143,540.7725,4,Automotive
219,540.2794606242402,6,Home & Garden
1289,539.65,5,Automotive
1493,539.0840000000001,5,Home & Garden
209,538.604375,16,Toys
227,537.4066666666666,3,Clothing
957,537.0533333333334,3,Automotive
1092,536.112,5,Office
476,535.2685714285714,7,Food & Beverage
997,532.004,5,Toys
1983,531.848,5,Books
1919,531.6,8,Home & Garden
1576,531.3860895862415,8,Toys
542,531.115,6,Automotive
268,530.81875,8,Electronics
1495,530.6337500000001,8,Home & Garden
1899,529.9499999999999,2,Toys
286,529.7900000000001,6,Home & Garden
1628,529.758,5,Automotive
110,528.4141666666667,12,Home & Garden
749,528.40125,8,Beauty
173,528.0559999999999,5,Automotive
1479,528.0466666666667,3,Toys
1386,527.4266666666666,3,Electronics
1862,527.266,5,Books
353,526.9762499999999,8,Home & Garden
1056,526.812090897577,2,Automotive
1363,526.7114285714285,7,Toys
23,526.5,3,Sports
172,525.558,5,Food & Beverage
800,524.925,2,Automotive
1171,524.6657142857142,7,Home & Garden
337,524.6176252701612,39,Toys
1436,524.4939999999999,5,Books
590,524.0319999999999,5,Beauty
1119,523.94,2,Sports
1674,522.9,3,Office
693,522.8814285714286,7,Office
169,522.8557142857143,7,Sports
1682,522.3612499999999,8,Electronics
816,522.09,2,Automotive
1106,521.9399999999999,7,Automotive
845,521.888,5,Beauty
1168,521.042,5,Toys
914,520.696,5,Home & Garden
328,519.874,5,Toys
1500,519.7675,4,Automotive
1009,519.3583333333333,5,Food & Beverage
535,519.0600000000001,1,Sports
867,517.79,2,Toys
163,517.485,2,Toys
333,516.74,2,Beauty
1809,516.5683333333333,6,Home & Garden
1942,515.7967007467006,3,Sports
1081,514.825,4,Automotive
1735,512.5081487747092,8,Clothing
1075,511.77,6,Books
1730,508.94500000000005,2,Home & Garden
835,508.91333333333336,3,Office
36,508.5166666666666,6,Beauty
1048,508.4166666666667,3,Office
1918,508.14,1,Automotive
1678,508.00666666666666,6,Food & Beverage
1139,507.6066666666666,3,Home & Garden
920,507.26375,8,Books
453,506.5833333333333,6,Beauty
332,505.446892472081,4,Home & Garden
1238,505.35714285714283,7,Beauty
742,504.87,1,Books
801,503.94,4,Beauty
321,503.7032142857143,28,Toys
22,502.66,1,Home & Garden
78,500.8325,4,Beauty
154,500.408,5,Beauty
1896,499.91032507713606,7,Electronics
1997,499.2575,4,Beauty
883,498.40000000000003,7,Food & Beverage
938,497.925,4,Automotive
1283,497.89,2,Home & Garden
549,497.85200000000003,5,Automotive
538,497.64000000000004,3,Electronics
627,497.45799999999997,5,Electronics
1603,496.965,2,Beauty
739,496.8985714285715,7,Books
720,496.46750000000003,4,Home & Garden
855,496.295,2,Food & Beverage
555,496.12142857142857,7,Sports
269,495.55,8,Toys
568,494.51,2,Books
744,493.62999999999994,6,Clothing
645,493.53833333333336,6,Electronics
1940,493.4,5,Sports
66,493.11278201629716,36,Automotive
519,492.88,2,Sports
373,492.742,5,Electronics
1443,491.4825,8,Home & Garden
889,491.20166666666665,6,Food & Beverage
944,491.195,6,Clothing
340,490.354,5,Automotive
1549,488.142,5,Books
396,487.57,8,Sports
320,487.35365136135505,24,Food & Beverage
840,486.68999999999994,1,Toys
802,486.57714285714286,7,Toys
1782,486.3375,8,Beauty
1994,485.66400000000004,5,Toys
941,485.2625,8,Home & Garden
1254,484.89,1,Electronics
245,484.33993204830404,6,Beauty
755,484.066,5,Office
1863,483.70000000000005,2,Books
185,482.77000000000004,8,Automotive
1828,482.66,1,Automotive
51,480.5243902439024,41,Office
748,480.4320000000001,5,Toys
54,479.97749999999996,4,Office
1209,479.24,1,Books
885,479.04333333333335,3,Electronics
1232,478.515,4,Beauty
884,478.18333333333334,3,Toys
1512,477.4633333333333,6,Electronics
1355,477.26800000000003,5,Books
229,477.1466666666667,3,Electronics
179,476.32,5,Food & Beverage
161,475.75,7,Books
1692,474.56333333333333,3,Beauty
1128,473.85375000000005,8,Sports
1063,473.838,5,Toys
1999,473.68895535450986,7,Office
1965,473.145,8,Books
852,472.6985714285715,7,Home & Garden
1445,472.67499999999995,4,Toys
1989,472.29,2,Food & Beverage
7,471.83,3,Home & Garden
1274,471.71,2,Toys
1426,471.62000000000006,6,Automotive
266,470.65,1,Automotive
11,470.5722851388266,37,Books
65,470.468,5,Home & Garden
1527,470.34833333333336,6,Home & Garden
164,470.33,7,Books
501,469.7,1,Food & Beverage
443,469.41333333333336,3,Toys
669,468.9166666666667,3,Toys
863,468.275,4,Automotive
490,467.90265309924774,1,Clothing
1562,467.87999999999994,3,Toys
384,467.83000000000004,2,Books
408,466.25,8,Food & Beverage
157,466.22913043478263,46,Home & Garden
514,466.04125,8,Food & Beverage
606,466.03599999999994,5,Sports
41,464.4366666666667,18,Toys
770,464.13250000000005,8,Beauty
239,463.07473684210527,38,Toys
432,462.85249999999996,8,Home & Garden
1744,462.07500000000005,8,Automotive
783,462.02666666666664,3,Automotive
1206,461.524,5,Office
681,461.46,2,Home & Garden
1827,461.45253729519385,6,Automotive
975,461.385,2,Automotive
464,460.58875,8,Toys
1975,458.422,5,Food & Beverage
873,457.02,5,Sports
502,456.6383333333333,6,Toys
1088,456.395,6,Beauty
341,456.17,2,Toys
1296,455.5016666666667,6,Automotive
797,453.4075,8,Toys
1192,452.44,7,Books
708,452.42857142857144,7,Food & Beverage
48,452.16,10,Toys
929,451.80625,8,Beauty
1655,450.99,2,Clothing
651,450.92375,8,Home & Garden
1307,450.84000000000003,7,Toys
391,450.19882352941175,17,Beauty
1595,449.95500000000004,4,Electronics
1467,449.70000000000005,1,Books
714,449.671746351481,7,Toys
1746,449.3642857142857,7,Electronics
936,448.87000000000006,3,Clothing
1837,447.9,1,Food & Beverage
1193,447.815,4,Electronics
33,446.96999999999997,7,Electronics
284,445.91875,8,Home & Garden
848,445.77,2,Toys
1214,445.04400000000004,5,Automotive
916,444.21000000000004,8,Sports
623,444.18492191444017,2,Home & Garden
336,443.66166666666663,6,Sports
560,443.49750000000006,4,Automotive
1282,442.32,1,Books
1266,441.74,6,Beauty
1733,441.59999999999997,6,Home & Garden
892,440.81666666666666,3,Beauty
222,440.5016666666667,6,Automotive
6,440.16166666666663,6,Beauty
620,440.07624999999996,8,Home & Garden
510,439.87833333333333,6,Electronics
539,438.28999999999996,4,Food & Beverage
127,437.54724241383803,46,Food & Beverage
433,436.47625000000005,8,Toys
98,436.20166666666665,6,Home & Garden
1775,435.47,3,Home & Garden
1630,435.34800000000007,5,Beauty
152,434.48400000000004,5,Clothing
945,434.0257142857143,7,Toys
922,433.562,5,Books
203,433.54205882352943,34,Food & Beverage
1498,432.41875,8,Toys
1170,432.4057142857142,7,Food & Beverage
1511,431.1914285714285,7,Books
404,431.1616666666667,6,Beauty
1679,431.09800000000007,5,Home & Garden
27,430.839407750643,38,Electronics
299,430.765,8,Office
221,430.60043478260866,46,Home & Garden
273,429.8446341463415,41,Food & Beverage
451,429.78999999999996,5,Food & Beverage
1047,429.72125,8,Beauty
486,429.62857142857143,7,Electronics
1582,429.19280744826784,5,Home & Garden
1276,429.0425,4,Beauty
1313,428.25714285714287,7,Electronics
826,427.96999999999997,7,Office
901,427.77625,8,Sports
1705,427.4871428571428,7,Automotive
698,426.99,4,Toys
769,426.492,5,Office
710,426.3385714285714,7,Toys
1684,425.9783333333333,6,Home & Garden
10,425.84600000778465,22,Clothing
259,425.82405186223997,45,Toys
1990,425.785,6,Toys
383,425.6325,4,Food & Beverage
1521,425.44571428571425,7,Books
1502,425.38200000000006,5,Toys
397,425.21125,8,Electronics
939,424.98,1,Books
26,424.78142857142853,7,Home & Garden
356,424.73125,8,Beauty
175,424.3811830248637,6,Home & Garden
533,423.73375,8,Books
37,423.48333333333335,18,Automotive
382,422.6525,8,Toys
198,422.1472406216641,44,Home & Garden
1046,421.43199999999996,5,Beauty
339,421.20181818181817,33,Electronics
1138,420.97,2,Automotive
924,419.435,4,Office
1421,419.4039999999999,5,Food & Beverage
204,419.395,2,Clothing
308,419.20000000000005,8,Automotive
1510,418.9533333333334,3,Electronics
917,418.60749999999996,4,Food & Beverage
1126,418.58830213854884,6,Food & Beverage
240,418.54647050503957,5,Electronics
557,418.27096419411254,5,Beauty
1372,417.7528571428571,7,Home & Garden
1780,417.72,2,Office
1568,417.64000000000004,3,Electronics
675,417.03499999999997,2,Books
1578,416.8975,8,Office
1032,416.4325,4,Home & Garden
1856,416.2733333333333,6,Sports
1084,416.02312220724826,5,Toys
1344,415.51599999999996,5,Food & Beverage
1160,415.45857774441475,6,Toys
422,414.15,2,Food & Beverage
346,413.967,20,Books
498,413.75428571428574,7,Automotive
1097,413.40999999999997,2,Food & Beverage
15,413.29,4,Sports
159,413.2819309467133,35,Food & Beverage
1658,413.13250000000005,8,Home & Garden
243,412.73999999999995,5,Food & Beverage
1591,412.6685714285714,7,Home & Garden
158,412.51,8,Beauty
1459,412.15166666666664,6,Office
1140,411.78,1,Home & Garden
1984,411.5859365957897,8,Electronics
255,411.04466666666667,15,Food & Beverage
92,410.7728571428571,7,Beauty
1104,410.5325,4,Electronics
1937,410.4957142857143,7,Automotive
1039,410.36857142857144,7,Toys
478,410.0757142857143,7,Toys
1714,409.39375,8,Toys
1353,409.0475,4,Books
1917,408.8642857142857,7,Electronics
1152,408.365,2,Automotive
1606,408.24,1,Office
374,408.13,2,Food & Beverage
1971,407.88,2,Clothing
1969,407.2071428571429,7,Home & Garden
1018,407.1525,4,Automotive
415,406.5225,4,Food & Beverage
1290,406.37,4,Automotive
1113,405.0516666666667,6,Home & Garden
767,403.56624999999997,8,Toys
483,403.462,5,Toys
287,402.6671428571429,7,Electronics
197,402.46375,8,Books
364,402.31,6,Books
331,402.115,2,Electronics
24,401.552,5,Food & Beverage
80,400.4248648648649,37,Books
1812,400.3328571428571,7,Books
809,399.33666666666664,3,Electronics
1805,399.02,1,Sports
1384,398.92333333333335,6,Food & Beverage
1239,398.845,8,Books
586,398.5466666666666,6,Toys
310,398.02857142857147,7,Books
264,397.82952380952383,21,Toys
527,397.82375,8,Sports
1295,397.61999999999995,6,Books
1312,397.41285714285715,7,Food & Beverage
1411,396.67,7,Food & Beverage
1798,396.6657142857143,7,Automotive
272,396.47,4,Toys
1330,396.2366666666667,3,Electronics
138,396.226875,48,Home & Garden
471,396.125,8,Electronics
108,395.762,5,Toys
981,395.495,2,Beauty
516,395.40285714285716,7,Toys
658,395.28,4,Clothing
34,395.085,6,Electronics
1723,394.2057142857143,7,Books
1077,393.255,4,Food & Beverage
1766,393.16333333333336,3,Beauty
1263,392.7142857142857,7,Beauty
1444,392.54499999999996,2,Beauty
97,391.94068965517243,29,Books
1006,391.9,1,Books
170,390.6925464092122,23,Books
500,390.63,7,Electronics
394,390.5244444444445,18,Home & Garden
83,389.8333333333333,6,Home & Garden
660,388.87,5,Electronics
1657,388.66,1,Electronics
206,388.630502435137,22,Automotive
338,388.2023076923077,13,Beauty
1221,388.015,4,Beauty
105,387.9539392522088,46,Books
1412,387.8625,4,Home & Garden
35,386.49499999999995,6,Automotive
257,385.9325,16,Home & Garden
188,385.89599999999996,35,Toys
587,385.38,5,Food & Beverage
1645,385.30499999999995,4,Sports
1858,385.05,5,Food & Beverage
989,384.85599999999994,5,Beauty
64,384.41999999999996,2,Electronics
63,384.2354124508081,24,Toys
5,384.196,5,Sports
151,383.82500000000005,2,Sports
370,383.782,5,Home & Garden
655,383.65333333333336,6,Automotive
60,383.315,6,Toys
930,383.164,5,Food & Beverage
792,382.135,2,Toys
202,382.055,4,Home & Garden
631,381.99333333333334,3,Office
1037,381.8633333333334,3,Office
1623,381.50666666666666,6,Toys
891,381.5,1,Books
1149,381.21250000000003,8,Toys
751,380.31000000000006,4,Home & Garden
1284,380.16,5,Electronics
689,380.134,5,Toys
192,380.07000000000005,8,Books
1967,379.885,8,Office
1468,379.2425,4,Sports
578,378.74,3,Sports
1396,378.2366666666667,6,Books
600,378.1542857142857,7,Beauty
813,377.4171428571429,6,Beauty
672,376.8666666666666,3,Automotive
1497,376.83,8,Office
918,376.27666666666664,3,Food & Beverage
869,375.95000000000005,8,Automotive
1357,375.865,6,Books
1651,375.5125,8,Toys
520,375.39500000000004,8,Food & Beverage
1201,374.83000000000004,8,Food & Beverage
419,374.78153846153845,13,Electronics
1610,374.4325,4,Sports
1163,373.6933333333333,3,Home & Garden
1506,373.005,2,Electronics
1978,372.75666666666666,3,Books
1906,372.7366666666667,3,Home & Garden
3,372.6806666666667,30,Automotive
934,372.38125,8,Electronics
1923,371.8457142857143,7,Books
418,371.64608695652174,23,Office
315,371.54088235294114,34,Beauty
363,371.4068571428571,35,Sports
1211,371.33125,8,Books
1558,371.31,1,Office
637,371.06666666666666,3,Food & Beverage
436,370.435,4,Home & Garden
1252,369.6975,8,Books
754,369.6066666666666,3,Beauty
1278,369.40250000000003,4,Sports
913,369.06,2,Clothing
1093,368.65166666666664,6,Beauty
950,368.50250000000005,4,Books
1895,367.815,8,Books
1297,367.67333333333335,3,Toys
1390,367.6033333333333,3,Home & Garden
1072,367.45,5,Sports
428,367.1566666666667,6,Home & Garden
230,367.04,4,Toys
1323,366.398,5,Home & Garden
1379,366.27833333333336,6,Sports
1131,366.1075,8,Beauty
1523,366.0933333333333,6,Automotive
531,365.88571428571424,7,Beauty
780,365.4157142857143,7,Beauty
1100,365.40000000000003,3,Toys
1690,365.02000000000004,6,Home & Garden
1505,364.94625,8,Food & Beverage
1305,364.84285714285716,7,Toys
1219,364.7866666666667,6,Clothing
1881,364.4425,8,Food & Beverage
1136,364.22428571428566,7,Home & Garden
1049,364.0833333333333,6,Electronics
1288,362.9066666666667,6,Automotive
87,362.68295454545455,44,Toys
1544,362.56333333333333,3,Toys
1608,362.28799999999995,5,Beauty
893,361.92333333333335,6,Home & Garden
248,361.56362764929656,50,Home & Garden
79,361.27500000000003,6,Home & Garden
270,361.135,4,Automotive
677,360.8500000000001,6,Automotive
1843,360.762,5,Sports
1790,360.37,4,Beauty
784,360.36125,8,Sports
18,360.2125,8,Electronics
1885,359.88166666666666,6,Beauty
386,359.41999999999996,2,Beauty
118,358.5705555555556,18,Home & Garden
1799,358.46166666666664,6,Electronics
1738,358.0433333333333,6,Automotive
28,357.58022222222223,45,Home & Garden
44,356.94068965517243,29,Home & Garden
304,356.845,4,Food & Beverage
1966,356.58666666666664,6,Automotive
604,355.90500000000003,8,Beauty
1729,354.66125,8,Toys
1127,353.7525,8,Automotive
978,353.41,5,Toys
536,353.39625,8,Automotive
132,353.3389282813848,48,Books
77,353.33428571428567,7,Food & Beverage
842,352.9114285714286,7,Sports
589,352.52125,8,Automotive
711,351.92375,8,Office
314,351.71750000000003,4,Toys
1123,351.46125,8,Electronics
968,351.4433333333334,6,Electronics
342,351.36302325581397,43,Home & Garden
1154,351.2366666666667,6,Food & Beverage
124,351.22,3,Electronics
177,351.18,1,Food & Beverage
133,350.75,2,Electronics
144,350.065,4,Food & Beverage
494,349.99000000000007,7,Food & Beverage
1249,349.59749999999997,8,Food & Beverage
1488,349.57166666666666,6,Food & Beverage
1950,349.456,5,Office
1928,349.39125,8,Automotive
1880,349.05285714285714,7,Home & Garden
808,348.85125000000005,8,Sports
522,348.7425,8,Beauty
168,348.002,34,Books
1839,347.96999999999997,7,Books
405,347.88714285714286,14,Books
1116,347.4475,4,Clothing
29,347.1236363636363,11,Automotive
93,346.75714285714287,7,Toys
676,346.645,8,Office
91,346.534,5,Food & Beverage
1779,345.17,8,Food & Beverage
1110,345.0733333333333,3,Home & Garden
1431,344.9066666666667,6,Beauty
409,344.65,23,Clothing
46,344.554,5,Books
439,344.53,1,Beauty
102,344.43636363636364,11,Toys
1900,344.37,2,Food & Beverage
402,343.82666666666665,36,Books
1555,342.89333333333326,3,Books
1462,342.8828571428572,7,Sports
690,342.8342857142857,7,Toys
16,342.66999999999996,4,Books
312,342.395,8,Automotive
1890,342.135,6,Office
398,341.8285714285715,7,Electronics
1824,341.1375,4,Sports
777,341.09,4,Home & Garden
692,340.53714285714284,7,Beauty
123,340.36645161290323,31,Home & Garden
200,340.09166666666664,6,Clothing
1586,339.95,2,Books
1377,339.81666666666666,6,Food & Beverage
966,339.668,5,Food & Beverage
1777,339.58571428571435,7,Food & Beverage
251,339.46827586206894,29,Food & Beverage
1303,338.9342857142857,7,Food & Beverage
1041,338.52,1,Electronics
117,338.24375,8,Sports
1513,337.3975,4,Books
1253,337.34714285714284,7,Books
973,337.26125,8,Home & Garden
1334,337.1,2,Books
302,337.0407142857143,14,Automotive
324,336.95720930232557,43,Sports
1742,336.4266666666667,6,Books
1867,336.30833333333334,6,Toys
1060,336.03200000000004,5,Automotive
1530,335.97333333333336,6,Sports
115,335.846,5,Automotive
280,335.72238095238095,21,Toys
1158,335.63666666666666,6,Books
301,335.18,7,Home & Garden
680,334.77833333333336,6,Electronics
583,334.77500000000003,2,Clothing
1961,334.7366666666667,6,Office
1644,334.255,8,Office
724,334.02875,8,Books
1786,333.866,5,Clothing
1190,333.71000000000004,5,Food & Beverage
1340,333.61285714285714,7,Books
1441,332.81333333333333,3,Electronics
513,332.64666666666665,3,Beauty
254,332.46000000000004,5,Office
106,331.6598125630588,5,Books
1752,331.44,1,Office
210,331.04571428571427,7,Food & Beverage
100,331.01531914893616,47,Electronics
1452,330.99,4,Clothing
12,330.1225,4,Toys
82,330.0874285714286,35,Automotive
1328,330.07,3,Automotive
652,329.76,3,Home & Garden
1099,329.75,5,Electronics
1865,329.66,1,Automotive
597,329.494,5,Automotive
791,329.33000000000004,8,Food & Beverage
1227,329.265,2,Clothing
764,328.9289956303563,2,Automotive
781,328.48375,8,Toys
1374,327.9857142857143,7,Home & Garden
1710,327.822,5,Home & Garden
1813,327.53499999999997,8,Food & Beverage
1601,327.05875000000003,8,Books
715,326.98333333333335,3,Beauty
1659,326.636,5,Sports
615,326.4857142857143,7,Automotive
171,326.386,5,Office
1635,326.37999999999994,3,Beauty
130,326.12000000000006,3,Books
329,325.525,4,Clothing
1648,325.46,1,Electronics
974,325.43,6,Clothing
1417,325.14666666666665,3,Electronics
1769,324.8975,4,Electronics
1621,324.59166666666664,6,Food & Beverage
1376,324.42,2,Toys
216,324.1336205742019,31,Food & Beverage
506,323.61,2,Automotive
683,323.32,1,Toys
1964,323.07625,8,Automotive
1410,322.7499971160378,5,Clothing
607,322.61833333333334,6,Toys
403,322.21750000000003,40,Books
1708,321.83833333333337,6,Electronics
180,321.71571428571434,7,Beauty
134,321.51666666666665,3,Food & Beverage
888,321.06,1,Toys
621,320.445,6,Food & Beverage
101,320.35,2,Books
1111,320.3333333333333,3,Home & Garden
1793,320.2657142857143,7,Home & Garden
1844,320.1271428571429,7,Books
567,319.97375,8,Beauty
349,319.7669597128348,36,Sports
1423,319.58666666666664,3,Automotive
811,319.5628571428571,7,Home & Garden
591,319.168,5,Electronics
718,319.035,8,Electronics
129,318.8408431433322,50,Toys
1025,318.0957142857143,7,Toys
1554,317.64000000000004,6,Automotive
425,317.325,6,Toys
1337,317.21,8,Sports
20,317.0791304347826,23,Electronics
1987,317.03285714285715,7,Home & Garden
1787,316.942,5,Toys
1033,316.4642857142857,7,Toys
69,316.24,3,Books
393,315.9771428571429,7,Toys
1661,315.93666666666667,3,Sports
636,315.90999999999997,5,Food & Beverage
608,315.8075,8,Beauty
1656,315.7575,4,Automotive
260,315.5785714285715,7,Food & Beverage
569,315.41,3,Books
1565,315.3333333333333,6,Home & Garden
96,315.23499999999996,6,Toys
1451,315.212,5,Toys
1901,315.18,7,Sports
1220,315.09000000000003,7,Electronics
1186,314.55,7,Home & Garden
713,314.5175,4,Office
1102,314.21666666666664,6,Toys
1737,313.9562951275616,5,Food & Beverage
1148,313.87,3,Electronics
368,313.846,5,Office
8,313.75,3,Automotive
1233,313.605,2,Automotive
430,312.99,4,Automotive
213,312.78,1,Toys
160,311.77,3,Books
1545,311.45285714285717,7,Food & Beverage
146,311.25,8,Toys
466,311.07857142857137,7,Electronics
1907,310.9,4,Food & Beverage
465,310.63666666666666,3,Toys
972,310.0125,4,Automotive
1727,309.85625000000005,8,Books
114,309.81,2,Office
19,309.45194444444445,36,Food & Beverage
1801,309.1033333333333,3,Automotive
1112,308.5,1,Electronics
702,307.48857142857145,7,Toys
796,307.3833333333333,3,Automotive
1873,307.35,1,Toys
642,306.54875,8,Books
1986,306.48,2,Clothing
1054,306.3824036133128,7,Office
1625,306.31333333333333,3,Automotive
413,306.11875,8,Home & Garden
667,306.02625,8,Toys
1240,305.82500000000005,4,Toys
1741,305.646,5,Books
1237,305.1171428571428,7,Home & Garden
1484,304.94166666666666,6,Clothing
1926,304.894,5,Toys
43,304.7366666666667,6,Automotive
870,304.685,6,Home & Garden
949,304.06666666666666,6,Office
1920,304.0566666666667,3,Automotive
1125,303.92333333333335,6,Sports
725,303.52500000000003,2,Clothing
1912,303.1475,8,Automotive
545,303.055,4,Home & Garden
1903,302.946,5,Beauty
1522,302.43666666666667,3,Clothing
987,302.28,2,Toys
1958,302.11,2,Beauty
1706,301.9825,4,Electronics
325,301.9475,4,Toys
679,301.815,6,Home & Garden
351,301.6542295082118,6,Electronics
392,301.242,5,Automotive
359,301.2314041977599,8,Electronics
1816,301.13750000000005,4,Office
899,301.0133333333334,3,Automotive
195,300.5994310493343,14,Electronics
1597,300.5625,4,Electronics
768,299.83,1,Electronics
910,299.81,4,Clothing
773,299.404,5,Sports
21,299.38105263157894,38,Home & Garden
155,299.2457142857143,7,Clothing
140,299.1871428571429,7,Automotive
1085,299.17,2,Automotive
426,299.095,2,Beauty
634,298.88625,8,Clothing
178,298.82,6,Books
366,298.67285714285714,7,Home & Garden
638,298.555,6,Books
311,297.98375,8,Electronics
729,297.81,1,Books
55,297.60875,8,Home & Garden
1864,296.965,2,Books
1356,296.7575,4,Automotive
1652,296.5657142857143,7,Beauty
457,296.1325,4,Books
543,296.105,2,Beauty
295,296.02200000000005,5,Toys
919,295.845,8,Sports
626,295.76,1,Home & Garden
868,295.185,2,Toys
1370,295.11,1,Beauty
354,294.6985714285714,7,Electronics
1649,294.545,6,Home & Garden
75,294.418,5,Toys
874,294.37857142857143,7,Electronics
293,294.3783333333334,6,Books
1755,294.22875,8,Home & Garden
697,294.135,2,Food & Beverage
1585,293.55531388466005,6,Automotive
207,293.537,40,Books
1795,293.3825,8,Food & Beverage
1118,292.7566666666667,3,Automotive
723,292.3066666666667,3,Electronics
1981,292.23333333333335,6,Automotive
908,292.0485714285714,7,Toys
271,291.8354166666667,48,Home & Garden
544,291.6675,8,Beauty
812,291.6033333333333,3,Beauty
1654,291.44,1,Beauty
1494,291.23285714285714,7,Books
1952,291.20666666666665,3,Automotive
996,290.76666666666665,3,Books
1949,290.2285714285714,7,Food & Beverage
1845,290.12714285714287,7,Electronics
828,290.12399999999997,5,Food & Beverage
1667,289.58142857142855,7,Books
1533,289.5075,4,Food & Beverage
866,289.34,8,Beauty
1195,289.24,3,Automotive
907,289.12600000000003,5,Automotive
407,288.8844117647059,34,Toys
1703,288.71750000000003,4,Books
1717,288.61875,8,Books
1478,288.43199999999996,5,Sports
376,288.145,4,Toys
1546,287.6766666666667,3,Books
960,287.6471428571429,7,Toys
1183,287.4566666666667,6,Food & Beverage
1465,286.97125,8,Books
540,286.9225,4,Automotive
1665,286.694,5,Toys
759,286.13500000000005,4,Home & Garden
322,286.075,4,Electronics
228,286.0575,4,Food & Beverage
1366,285.12833333333333,6,Electronics
1,284.998,5,Food & Beverage
795,284.705,6,Books
789,284.205,8,Automotive
827,284.1725,8,Beauty
61,283.78000000000003,31,Books
1676,283.51000000000005,3,Sports
1383,283.485,4,Clothing
1874,282.89375,8,Home & Garden
786,282.73,8,Electronics
297,282.49666666666667,3,Automotive
1547,282.346,5,Sports
258,282.33666666666664,3,Books
375,282.2457142857143,7,Sports
782,281.915,2,Toys
611,281.8533333333333,6,Beauty
148,281.0457142857143,7,Food & Beverage
482,280.8075,4,Home & Garden
291,280.752,5,Books
528,280.42333333333335,3,Toys
961,280.18247471266005,7,Automotive
1888,280.02750000000003,4,Home & Garden
598,279.94,1,Automotive
1031,279.93333333333334,3,Food & Beverage
1699,279.4614285714286,7,Electronics
1996,279.43,1,Home & Garden
1442,279.28285714285715,7,Books
1348,278.77125,8,Home & Garden
1831,278.626,5,Toys
1846,278.455,6,Home & Garden
497,278.075,8,Sports
1430,277.8066666666667,3,Food & Beverage
1638,277.5185714285714,7,Automotive
296,277.31142857142856,7,Office
706,277.3,3,Beauty
182,276.28833333333336,6,Home & Garden
635,276.12125000000003,8,Electronics
778,275.73,1,Food & Beverage
487,275.4842857142857,7,Toys
1857,275.09666666666664,3,Office
1035,274.56857142857143,7,Office
1784,274.28333333333336,3,Automotive
1869,273.755,4,Toys
594,272.94,8,Home & Garden
902,272.65333333333336,3,Toys
475,271.76428571428573,7,Automotive
1577,271.63,7,Toys
57,271.308,5,Sports
880,271.28249999999997,8,Food & Beverage
1617,270.5333333333333,3,Electronics
1318,270.338,5,Toys
348,270.3353333333333,30,Food & Beverage
1540,270.29625,8,Clothing
196,269.86,1,Sports
1747,269.70500000000004,2,Automotive
1548,268.9883333333333,6,Books
850,268.83375,8,Electronics
1819,268.42,3,Sports
909,268.1,8,Automotive
573,268.09000000000003,2,Books
289,267.3027272727273,22,Books
183,267.1375,8,Sports
969,267.04,5,Books
976,266.99,1,Office
1095,266.85,1,Office
1129,266.48,1,Automotive
1882,265.98333333333335,6,Sports
559,265.89000000000004,4,Books
1889,265.77,2,Books
318,265.5104347826087,23,Food & Beverage
249,265.37,8,Automotive
915,265.258,5,Books
1022,265.14625,8,Books
1000,264.5223029550469,5,Beauty
381,264.46875,8,Books
1086,264.33714285714285,7,Automotive
1029,264.025,2,Food & Beverage
116,263.485,6,Food & Beverage
1963,263.45,2,Food & Beverage
1537,263.445,6,Automotive
1526,263.40250000000003,8,Electronics
771,263.26,1,Sports
1634,263.2285688421602,7,Beauty
1437,263.22,3,Food & Beverage
122,263.01105263157893,19,Sports
942,262.815,4,Toys
488,262.50374999999997,8,Home & Garden
421,262.34,1,Sports
1256,262.07,5,Beauty
1528,261.995,2,Books
1198,261.575,2,Toys
1008,261.47,4,Office
1594,261.42125,8,Electronics
825,261.23,1,Sports
1870,261.155,4,Toys
283,261.02,1,Office
47,260.935,2,Sports
1991,260.66333333333336,3,Books
1785,260.3975,4,Automotive
317,259.1875,28,Electronics
225,259.1475,4,Toys
1241,258.97499999999997,4,Automotive
121,258.67,1,Electronics
1228,258.50500000000005,6,Home & Garden
361,258.44,3,Beauty
390,258.08166666666665,6,Office
1482,257.93,2,Electronics
1725,257.8652857875003,4,Beauty
1695,257.8233333333333,3,Books
1489,256.08,2,Home & Garden
1121,256.04,2,Food & Beverage
1945,256.01,1,Automotive
1718,255.39000000000001,3,Toys
1672,254.79,1,Electronics
205,254.75333333333333,6,Toys
517,254.55166666666665,6,Automotive
166,253.93999999999997,6,Books
1814,253.92799999999997,5,Toys
1292,253.7175,4,Beauty
1017,253.64999999999998,1,Home & Garden
1624,253.165,2,Food & Beverage
1660,252.9625,8,Toys
1518,252.74285714285716,7,Automotive
1188,252.62,8,Office
903,252.59875,8,Books
1159,252.57,4,Clothing
1825,252.42714285714285,7,Food & Beverage
695,252.4125,4,Beauty
1463,251.90249999999997,8,Books
1098,251.875,8,Beauty
1388,251.54250000000002,8,Books
56,251.485,2,Electronics
1487,251.41,3,Electronics
1471,251.26,5,Electronics
334,251.234,5,Sports
307,250.74625,8,Books
1398,250.68,7,Beauty
1821,250.67,8,Books
1808,250.57333333333335,3,Sports
728,250.51,6,Beauty
1616,250.29,7,Electronics
904,250.26666666666668,6,Food & Beverage
176,249.98000000000002,5,Toys
1124,249.70333333333335,3,Food & Beverage
109,249.59125,8,Automotive
290,249.50857142857143,7,Toys
656,249.32500000000002,6,Home & Garden
911,249.2357142857143,7,Food & Beverage
1021,249.21999999999997,5,Toys
1579,249.17857142857142,7,Books
1483,248.53,8,Electronics
618,248.495,4,Toys
184,248.25,5,Home & Garden
455,248.0308127174743,8,Books
1235,247.98250000000002,8,Food & Beverage
1321,247.98166666666668,6,Sports
1224,247.88285714285712,7,Home & Garden
1631,247.71125,8,Food & Beverage
668,247.44387582386543,5,Office
275,247.28250000000003,11,Beauty
1573,246.85500000000002,2,Electronics
1424,246.79,1,Automotive
462,246.59000000000003,2,Electronics
25,245.90499999999997,2,Clothing
776,245.875,6,Office
965,245.6275,8,Books
59,245.5090625,32,Books
437,245.1225,4,Electronics
452,244.248,5,Home & Garden
1204,244.1342857142857,7,Sports
570,243.99,3,Toys
1734,243.71875,8,Books
1381,243.685,4,Food & Beverage
905,243.67000000000002,2,Home & Garden
1611,243.6175,4,Home & Garden
194,243.1242857142857,7,Food & Beverage
139,242.63625,8,Food & Beverage
1575,242.15666666666667,3,Automotive
639,241.88666666666668,6,Automotive
1627,241.75666666666666,6,Books
201,241.73,4,Books
1685,241.394,5,Automotive
1613,241.25,1,Beauty
619,241.22142857142856,7,Beauty
1464,240.90333333333334,6,Clothing
1543,240.73285714285717,7,Office
1401,240.52285714285716,7,Books
435,240.07000000000002,3,Books
298,239.92000000000002,2,Home & Garden
90,239.635,6,Home & Garden
281,239.5525,4,Beauty
1087,239.30428571428573,7,Food & Beverage
103,239.225,6,Electronics
38,239.1876086956522,46,Food & Beverage
71,239.1654475090837,5,Clothing
489,238.88500000000002,2,Books
1633,238.70499999999998,4,Clothing
156,238.664,5,Toys
335,238.36,1,Beauty
757,238.21333333333334,3,Food & Beverage
13,238.138,5,Beauty
1893,237.658,5,Toys
563,237.62285714285713,7,Home & Garden
1016,237.58,1,Electronics
1842,237.48600000000002,5,Beauty
1818,237.37199999999999,5,Sports
1913,237.26857142857145,7,Automotive
1091,237.13,2,Books
323,236.87399999999997,4,Sports
417,236.68,2,Sports
1120,236.62714285714287,7,Automotive
1589,236.45000000000002,3,Toys
73,236.23749999999998,4,Automotive
1680,236.19333333333336,3,Automotive
1325,235.74,4,Office
1911,235.37,6,Sports
1261,235.2875,8,Food & Beverage
1449,235.26999999999998,5,Electronics
561,235.14,3,Books
1361,235.09285714285716,7,Food & Beverage
1974,234.94400000000002,5,Books
1721,234.75,3,Office
734,234.265,2,Books
128,234.24,7,Food & Beverage
473,233.54,2,Clothing
1418,233.36,1,Home & Garden
1668,232.95875,8,Toys
1230,232.845,4,Food & Beverage
467,232.555,8,Clothing
224,232.42249999999999,4,Toys
1338,231.99166666666667,5,Automotive
212,231.73625,8,Books
967,231.70714285714286,7,Food & Beverage
1359,231.70000000000002,7,Books
1908,231.4,1,Sports
1147,231.288,5,Toys
459,231.16000000000003,4,Food & Beverage
1053,230.75625,8,Electronics
662,230.70142857142855,7,Home & Garden
1529,230.65625,8,Food & Beverage
1960,230.59399999999997,5,Electronics
285,230.21,1,Clothing
211,230.01,4,Automotive
1246,229.93,2,Office
1832,229.69,1,Automotive
1028,229.6,1,Books
274,229.57666666666668,3,Automotive
1244,229.5666666666667,6,Home & Garden
1879,229.288,5,Books
846,229.04571428571427,7,Sports
1707,229.00666666666666,6,Books
68,228.92666666666665,3,Books
485,228.74333333333334,6,Beauty
112,228.346,5,Electronics
650,228.31799999999998,5,Books
1571,228.25833333333333,6,Home & Garden
1815,228.13,6,Office
923,227.85142857142858,7,Electronics
1962,227.61,8,Toys
878,227.35,1,Toys
1358,227.30000000000004,3,Food & Beverage
1909,225.06,1,Electronics
1750,224.97666666666666,3,Beauty
1038,224.756,5,Food & Beverage
1701,224.70857142857145,7,Electronics
1194,224.06199999999998,5,Office
707,224.06125,8,Food & Beverage
1174,223.74142857142857,7,Home & Garden
1456,223.36499999999998,2,Beauty
244,222.95000000000002,1,Electronics
1531,222.885,8,Books
70,222.87,2,Beauty
824,222.79333333333332,3,Home & Garden
654,222.7325,4,Toys
1642,222.622,5,Home & Garden
1663,222.4625,4,Automotive
1164,222.08428571428573,7,Books
262,222.042,5,Office
1840,221.73000000000002,2,Automotive
410,221.32747972051163,18,Books
682,221.16250000000002,4,Toys
1618,220.955,2,Food & Beverage
661,220.94,1,Office
1698,220.9,1,Home & Garden
593,220.80999999999997,2,Clothing
1177,220.57750000000001,4,Food & Beverage
1311,220.44125,8,Beauty
632,219.9857142857143,7,Electronics
1761,219.70428571428573,7,Books
412,219.61,1,Office
1306,219.02428571428572,7,Home & Garden
603,218.63166666666666,6,Books
709,218.56625,8,Beauty
1976,218.48875,8,Office
1101,218.39857142857142,7,Home & Garden
137,217.7733333333333,3,Beauty
1320,216.9,3,Sports
411,216.33499999999998,2,Beauty
933,216.07875,8,Electronics
1709,215.3442857142857,7,Electronics
1985,214.82,8,Sports
876,214.81666666666663,3,Books
1428,214.6875,4,Toys
1892,214.56599999999997,5,Electronics
2,213.99666666666667,3,Food & Beverage
1884,213.84714285714287,7,Food & Beverage
1686,213.82,8,Books
817,213.79999999999998,3,Clothing
1210,213.13166666666666,6,Electronics
985,213.01999999999998,3,Clothing
1915,212.62833333333333,6,Office
300,211.77,1,Home & Garden
1114,210.76285714285714,7,Books
646,210.70499999999998,4,Beauty
1948,210.49875,8,Electronics
1830,210.49428571428572,7,Automotive
954,210.26,2,Electronics
208,210.14142857142858,6,Office
142,209.5525,4,Office
1759,209.50142857142856,7,Electronics
745,209.41000000000003,2,Automotive
1875,208.91199999999998,5,Food & Beverage
246,208.13333333333333,3,Automotive
1878,207.5225,4,Food & Beverage
1557,207.245,2,Food & Beverage
454,207.0575,4,Beauty
630,206.89142857142858,7,Toys
1553,206.0,4,Automotive
766,205.66500000000002,2,Books
857,205.38166666666666,6,Toys
1461,204.7425,8,Food & Beverage
1226,203.65,7,Food & Beverage
1405,202.82,1,Sports
30,202.65666666666667,3,Home & Garden
1189,202.55000000000004,3,Books
1935,202.01600000000002,5,Electronics
1767,201.99142857142857,7,Automotive
1175,201.18142857142854,7,Books
534,201.164,5,Home & Garden
1711,201.04,1,Toys
253,200.785,2,Books
1927,200.64333333333332,3,Books
1096,199.49333333333334,6,Beauty
1765,199.39999999999998,8,Home & Garden
1438,199.385,8,Toys
1687,199.355,2,Clothing
524,199.28333333333333,6,Books
1848,199.08,1,Toys
372,198.9255,20,Office
220,198.73999999999998,4,Beauty
556,198.72833333333332,6,Automotive
367,198.52,1,Electronics
1662,197.98,1,Electronics
575,197.695,8,Electronics
1345,197.46333333333334,6,Automotive
727,197.07142857142858,7,Books
836,196.48,2,Books
39,196.455,2,Electronics
666,195.6425,8,Clothing
388,195.55,4,Food & Beverage
1373,195.07666666666668,3,Beauty
1182,195.06,1,Electronics
553,195.022,5,Food & Beverage
1002,194.23,1,Sports
860,194.035,6,Books
851,193.92,3,Clothing
1933,193.71,2,Clothing
839,192.1675,4,Books
1299,191.9,3,Toys
1108,191.71,1,Food & Beverage
1247,191.53,2,Home & Garden
1408,191.24,3,Food & Beverage
1059,190.64249999999998,8,Home & Garden
571,190.58,1,Toys
1425,190.48000000000002,2,Clothing
1704,189.53,3,Food & Beverage
523,189.3675,4,Beauty
88,189.28,1,Clothing
1285,188.32,2,Books
81,188.15666666666667,3,Toys
1556,188.1,2,Books
1953,187.46,1,Electronics
1300,187.4,1,Home & Garden
1166,187.17333333333332,6,Food & Beverage
532,186.95000000000002,8,Food & Beverage
843,186.65125,8,Electronics
193,185.625,2,Food & Beverage
232,184.692,5,Home & Garden
696,184.64499999999998,2,Books
928,184.51,1,Toys
1822,184.1175,4,Automotive
1315,183.92,3,Home & Garden
104,183.85750000000002,4,Home & Garden
40,183.82,1,Food & Beverage
931,183.015,2,Electronics
1473,182.4925,4,Toys
581,182.45499999999998,4,Electronics
1691,182.23499999999999,4,Books
881,182.065,2,Sports
1270,181.772,5,Books
847,181.74333333333334,3,Automotive
344,181.53,5,Office
704,180.24428571428572,7,Home & Garden
831,179.79500000000002,2,Food & Beverage
756,179.79333333333332,3,Books
238,179.79,1,Toys
136,179.68689828561736,7,Books
94,179.07,1,Sports
1259,178.515,2,Automotive
1402,178.26,1,Home & Garden
503,177.85500000000002,2,Sports
1496,177.83666666666667,6,Books
1551,177.79000000000002,5,Books
1470,177.464,5,Electronics
1067,177.34,1,Electronics
1789,176.16,1,Sports
74,175.865,8,Beauty
1262,175.58,1,Electronics
1070,175.53857142857143,7,Office
1399,175.34333333333333,6,Sports
1850,174.83,3,Food & Beverage
993,174.265,2,Electronics
357,174.12,1,Office
1794,174.025,2,Home & Garden
1925,173.82500000000002,6,Electronics
1020,173.105,2,Automotive
953,173.02,1,Toys
1593,173.02,1,Home & Garden
1013,173.02,1,Books
1932,172.92249999999999,4,Toys
1142,172.8216666666667,6,Beauty
49,172.22125,8,Beauty
1697,172.14499999999998,2,Home & Garden
1700,172.02,1,Books
1375,171.95833333333334,6,Beauty
691,171.26833333333332,6,Electronics
1768,170.69333333333336,3,Books
1905,170.65333333333334,6,Food & Beverage
1783,170.59333333333333,3,Electronics
1351,170.13,2,Food & Beverage
1509,168.925,2,Automotive
1852,168.76,2,Clothing
1728,168.75,1,Books
14,168.44,3,Books
701,167.5725,4,Beauty
982,167.57,1,Books
186,167.56833333333333,6,Home & Garden
1269,167.11499999999998,6,Books
1019,167.0633333333333,3,Books
897,166.4925,4,Home & Garden
743,166.34,6,Food & Beverage
52,164.16500000000002,4,Toys
1176,163.868,5,Home & Garden
1333,163.346,5,Electronics
149,163.27428571428572,7,Food & Beverage
647,162.64666666666668,6,Books
1026,161.125,2,Toys
427,158.8075,4,Toys
785,158.805,2,Food & Beverage
566,158.4875,4,Office
450,158.06,2,Electronics
499,157.69,2,Books
371,157.57999999999998,4,Electronics
316,156.91714285714286,7,Office
1569,156.78,7,Electronics
1144,156.61,1,Clothing
940,156.145,2,Beauty
1319,155.97333333333333,3,Beauty
1153,155.38875,8,Food & Beverage
1516,154.73000000000002,7,Home & Garden
1835,154.28,3,Automotive
1536,154.10500000000002,4,Home & Garden
1891,153.11,2,Automotive
1972,152.92666666666665,3,Beauty
85,152.72,1,Clothing
999,152.71666666666667,3,Food & Beverage
935,152.48399999999998,5,Electronics
1329,151.78,1,Beauty
305,151.21,1,Beauty
395,151.04500000000002,2,Beauty
1409,150.375,2,Books
833,150.18,1,Food & Beverage
1959,149.21,1,Books
1739,148.88,1,Office
823,146.845,4,Books
233,146.48,1,Food & Beverage
1316,146.205,2,Automotive
875,145.08,2,Toys
1702,144.95428571428573,7,Books
1155,144.9175,8,Sports
1602,144.04333333333332,3,Automotive
1403,144.035,2,Sports
1763,143.57999999999998,2,Books
1062,142.71333333333334,6,Sports
735,142.51666666666668,6,Office
703,140.49,2,Beauty
964,136.94,1,Toys
343,136.1825,8,Food & Beverage
1535,135.91,2,Books
1382,135.54333333333332,6,Electronics
686,134.94,2,Beauty
1130,134.08857142857144,7,Home & Garden
1980,133.756,5,Automotive
788,133.725,2,Home & Garden
389,133.47,3,Electronics
761,133.38,2,Home & Garden
1854,133.07,1,Clothing
1414,132.21,2,Sports
625,131.19,5,Books
1753,130.805,4,Electronics
1350,130.365,2,Electronics
574,130.172,5,Automotive
529,129.825,2,Electronics
1222,129.75,2,Electronics
400,129.14999999999998,1,Electronics
429,128.7325,4,Sports
819,128.73000000000002,2,Automotive
1749,128.43,4,Books
1432,127.726,5,Beauty
1255,127.66333333333334,3,Food & Beverage
678,127.16,2,Automotive
986,127.08,2,Automotive
1272,126.64,1,Electronics
613,126.4075,4,Clothing
1774,126.19500000000001,2,Automotive
150,125.6,2,Office
250,125.14500000000001,2,Food & Beverage
1178,124.73,3,Books
423,124.1,1,Automotive
1600,123.8,3,Food & Beverage
948,122.505,6,Office
1157,121.09333333333332,6,Beauty
135,120.94,2,Beauty
261,119.9,1,Beauty
750,119.875,2,Office
1150,117.81,1,Office
774,117.41333333333334,3,Sports
1397,116.47999999999999,2,Automotive
1052,114.934,5,Toys
684,113.25666666666666,3,Home & Garden
1137,111.38,2,Home & Garden
894,110.25,3,Toys
387,109.8,2,Home & Garden
1389,109.47285714285714,7,Home & Garden
694,109.35000000000001,1,Sports
84,107.695,4,Office
1572,107.63,4,Food & Beverage
1791,107.62,1,Automotive
1089,106.60000000000001,3,Books
1440,106.02250000000001,4,Beauty
1036,104.225,2,Automotive
1448,103.94666666666666,3,Sports
460,103.69500000000001,2,Automotive
1492,103.02,1,Office
508,102.28,1,Home & Garden
1005,101.8,1,Books
1250,100.5,3,Home & Garden
125,100.02000000000001,1,Sports
1614,95.4,1,Beauty
456,94.95,1,Food & Beverage
717,93.254,5,Electronics
131,92.1,1,Office
787,90.91571428571429,6,Automotive
1713,90.35333333333334,3,Toys
653,89.095,2,Toys
1291,87.66,2,Home & Garden
648,87.155,2,Electronics
1876,85.4,1,Food & Beverage
1472,85.36,1,Food & Beverage
1640,84.6,2,Automotive
42,84.5,2,Office
1078,84.42,2,Beauty
226,83.96,1,Beauty
330,83.94,1,Electronics
1143,83.32,1,Home & Garden
1796,82.65,1,Electronics
362,81.66,5,Office
628,81.3,1,Food & Beverage
1212,80.445,2,Home & Garden
861,80.21,1,Electronics
546,79.65,1,Home & Garden
798,76.6,2,Office
1281,76.3,1,Home & Garden
572,75.535,4,Electronics
1914,74.82,1,Beauty
1011,74.02,1,Electronics
181,72.18,1,Beauty
358,71.02,1,Electronics
32,70.86333333333333,3,Toys
278,68.72,2,Home & Garden
521,65.14,1,Food & Beverage
1271,63.78,1,Beauty
1218,63.75,1,Clothing
53,63.08,1,Office
1453,61.36,1,Beauty
242,59.769999999999996,2,Electronics
379,59.54,1,Clothing
147,58.98,1,Sports
554,58.92,1,Home & Garden
377,55.455,2,Automotive
167,52.12,1,Home & Garden
700,49.94,1,Clothing
1807,49.78,1,Food & Beverage
585,48.34,1,Beauty
799,44.31333333333333,3,Electronics
95,43.53,1,Home & Garden
1988,41.43,1,Food & Beverage
414,40.18,1,Automotive
643,39.93,1,Sports
592,32.94,1,Food & Beverage
1936,26.42,1,Toys
1251,26.15,1,Books
821,25.65,2,Automotive
446,21.1,1,Office
1534,20.77,1,Sports
277,17.06,1,Toys
